Date,Type,Address,Account,TweetURL,Chain ID,Threat category,Comment, Smart contract
08/14/2023,Address,0x88fd0d9379791e940cd0a0b3bc8688062a8f0c5a,CertiKAlert,,56.0,,#CertiKSkynetAlert üö®  We have detected a large liquidity removal on fake CIRCLE token.  Bsc: 0x84eF2E2e977062da3cfc12C038fA3CE2D42d01B1  Deployer gained 900 BNB (~$216.3k) from the honeypot and has moved 400 BNB through @TornadoCash.   Stay vigilant!  https://t.co/2LYt4aHUEw,0x84eF2E2e977062da3cfc12C038fA3CE2D42d01B1
08/14/2023,Address,0x6FbA3e23406dBB3C010D8C203fB734b6b3EF6Dd3,@realScamSniffer,,,,victim: 0x6FbA3e23406dBB3C010D8C203fB734b6b3EF6Dd3  scammer: 0x66b48c7CBf80568d6C414ee751e00C7C122D40bd 0x29488E5fD6bF9B3cc98A9d06A25204947ccCBE4D,
08/14/2023,Address,0x66b48c7CBf80568d6C414ee751e00C7C122D40bd,@realScamSniffer,,,,victim: 0x6FbA3e23406dBB3C010D8C203fB734b6b3EF6Dd3  scammer: 0x66b48c7CBf80568d6C414ee751e00C7C122D40bd 0x29488E5fD6bF9B3cc98A9d06A25204947ccCBE4D,
08/14/2023,Address,0x000069bb406c6f9502ee308d9df576765bd70000,@realScamSniffer,,,,victim: 0x8fe53e72da65b7283680534c7b9d14c769893adc  scammer: 0x7d725449fa17c4659e5625dc57a2c5e3c0091411 0x000069bb406c6f9502ee308d9df576765bd70000 0x29488e5fd6bf9b3cc98a9d06a25204947cccbe4d,
08/14/2023,Address,0x2aec4fdb2a09ad4269a410f2c770737626fb62c5,@BeosinAlert,,1.0,,"2/ Take tx 0x2aec4fdb2a09ad4269a410f2c770737626fb62c54e0fa8ac25e8582d4b690cca as an example:  The hacker first borrowed 6,811 ETH via flash loan. Then used 300 ETH of the flash loan to swap for 84 zETH. https://t.co/qFGovCdbtw",
08/14/2023,Address,0x5f4C21c9Bb73c8B4a296cC256C0cDe324dB146DF,@DeDotFiSecurity,,,,2/ Attacker 0x5f4C21c9Bb73c8B4a296cC256C0cDe324dB146DF stole funds in 2 txs:   - https://t.co/NuNzLBvPAL  - https://t.co/8l9Brkleez  He previously funded his wallet from Tornado Cash https://t.co/RDOGQmDy7M,
08/14/2023,Address,0x8fe53e72da65b7283680534c7b9d14c769893adc,@realScamSniffer,,,,victim: 0x8fe53e72da65b7283680534c7b9d14c769893adc  scammer: 0x7d725449fa17c4659e5625dc57a2c5e3c0091411 0x000069bb406c6f9502ee308d9df576765bd70000 0x29488e5fd6bf9b3cc98a9d06a25204947cccbe4d,
08/14/2023,Address,0x7d725449fa17c4659e5625dc57a2c5e3c0091411,@realScamSniffer,,,,victim: 0x8fe53e72da65b7283680534c7b9d14c769893adc  scammer: 0x7d725449fa17c4659e5625dc57a2c5e3c0091411 0x000069bb406c6f9502ee308d9df576765bd70000 0x29488e5fd6bf9b3cc98a9d06a25204947cccbe4d,
08/14/2023,Address,0x29488e5fd6bf9b3cc98a9d06a25204947cccbe4d,@realScamSniffer,,,,victim: 0x8fe53e72da65b7283680534c7b9d14c769893adc  scammer: 0x7d725449fa17c4659e5625dc57a2c5e3c0091411 0x000069bb406c6f9502ee308d9df576765bd70000 0x29488e5fd6bf9b3cc98a9d06a25204947cccbe4d,
08/14/2023,Address,0x29488E5fD6bF9B3cc98A9d06A25204947ccCBE4D,@realScamSniffer,,,,victim: 0x6FbA3e23406dBB3C010D8C203fB734b6b3EF6Dd3  scammer: 0x66b48c7CBf80568d6C414ee751e00C7C122D40bd 0x29488E5fD6bF9B3cc98A9d06A25204947ccCBE4D,
08/14/2023,Address,0xc9d69aa174966f6e7448fd6c68620786d5520c42,@CertiKAlert,,56.0,,#CertiKSkynetAlert üö®  We have seen a large liquidity removal on a fake Tarality Token  Bsc: 0x93C78BDeC876984435009Df66923B412036e3c5B  Deployer removed ~$67k from the LP.  https://t.co/bwAzfKhuS2,0x93C78BDeC876984435009Df66923B412036e3c5B
08/15/2023,Address,0x63605E53D422C4F1ac0e01390AC59aAf84C44A51,CertiKAlert,,1.0,,The site connects to known phishing contract on ethereum: 0x63605E53D422C4F1ac0e01390AC59aAf84C44A51   Do NOT interact with the following announcement üëá https://t.co/4j7WUQyCki,
08/15/2023,Address,0x96c0876F573e27636612CF306C9db072d2B13DE8,DeDotFiSecurity,,,,2/ The exploiter's address has been identified as 0x96c0876F573e27636612CF306C9db072d2B13DE8  Tx: https://t.co/wT7dCSi89n  The funds are currently held within the attacker's address and a Uniswap V2 $LoveRCKT pool created by the exploiter. https://t.co/x0XxuTiXA9 https://t.co/jWGdhz9dDm,
08/16/2023,Address,0xa0ec2733e8aef26dab0be9abfbacd9ef337740e3,AegisWeb3,,1.0,,"üö®PHISHING SITE ALERTüö® üé£ Phishing Site: usdcoin[.]finance @etherscan @bscscan ‚ö†Ô∏èPhishing Contract/Address: 0x000014FB8dcA1D855ecAB28f955B17F20D0A0000 0xA0EC2733E8Aef26Dab0BE9abFBACD9eF337740E3 Beware of the phishing contract that is present on multiple chains, including‚Ä¶ https://t.co/WsACd0Nxgm https://t.co/kiTqa24HxM",0x000014FB8dcA1D855ecAB28f955B17F20D0A0000
08/16/2023,Address,0xA0EC2733E8Aef26Dab0BE9abFBACD9eF337740E3,AegisWeb3,,1.0,,"üö®PHISHING SITE ALERTüö® üé£ Phishing Site: usdcoin[.]finance @etherscan @bscscan ‚ö†Ô∏èPhishing Contract/Address: 0x000014FB8dcA1D855ecAB28f955B17F20D0A0000 0xA0EC2733E8Aef26Dab0BE9abFBACD9eF337740E3 Beware of the phishing contract that is present on multiple chains, including‚Ä¶ https://t.co/WsACd0Nxgm https://t.co/kiTqa24HxM",
08/17/2023,Address,0x5f2f9ca7846a49543bb39e80ab000941c324523f,@CertiKAlert,https://twitter.com/CertiKAlert/status/1692127047538065737,1.0,,@Rodeo_Finance The site connects to a known phishing contract on ethereum: 0x000057c563aBE43d6f6b794043724804CD3c0000  Do NOT interact with the following announcement üëá https://t.co/ej8IPRRmoS,0x000057c563aBE43d6f6b794043724804CD3c0000
08/17/2023,Address,0x80cc222ea02f4334f67e9e55e7412fed62599004,@DeDotFiSecurity,https://twitter.com/DeDotFiSecurity/status/1692076127416692800,1.0,,"üö®  $2.6M Locked Up in Shibarium  üö®  üîí The RPC is stuck at block 190015, and the blockchain is frozen at block 190203 on the block scanner.   The bridge contract is affected, 1003 ETH are temporarily stuck in the bridge contract:  0xc3897302ab4b42931cb4857050fa60f53b775870‚Ä¶ https://t.co/hb8qYLsirV https://t.co/sqO2DTMhVy",0xc3897302aB4B42931cB4857050Fa60f53B775870
08/17/2023,Address,0xa4aa74754b7f4d76b72b151fae4f2f1c8e9ad150,@CertiKAlert,https://twitter.com/CertiKAlert/status/1692067602061775294,1.0,,@elmonx_official The site connects to known phishing contract on ethereum: 0x0000C122208D1cC66C72FD6BfDf8A93F2E660000  Do NOT interact with the following announcement üëá https://t.co/5lsHhDB6Lj,0x0000C122208D1cC66C72FD6BfDf8A93F2E660000
08/17/2023,Address,0x4ad8d9cf9424b477e77a0d7c339c4de792b92fc6,@DeDotFiSecurity,https://twitter.com/DeDotFiSecurity/status/1692189440624464113,,,"üö® Suspicious Funds Movement üö®  Multiple transactions flagged, draining @1xbit hot wallet (0x4ad8d9cf9424b477e77a0d7c339c4de792b92fc6)  $1.1M &amp; $5.98M in $USDT were transferred in 2 tx to 0xe795D3de925c970Cbef7c691F9C39505202afAca  üßµ  On-chain details üëá https://t.co/uMrAhMkNwo",
08/17/2023,Address,0xe795D3de925c970Cbef7c691F9C39505202afAca,@DeDotFiSecurity,https://twitter.com/DeDotFiSecurity/status/1692189444453867535,,,"2/ 6M $USDT Tx: https://t.co/8cfcn6qtjl  Migration could be a possibility.   Funds have been transferred to 0xe795D3de925c970Cbef7c691F9C39505202afAca, the same wallet previously linked to deposits on various exchanges. https://t.co/69qCOBE03E",
08/17/2023,Address,0x6BC41A79343b05a019F5d9a61FFf92664C1BC2F5,@CertiKAlert,https://twitter.com/CertiKAlert/status/1692249586616692936,,,@zachxbt 2/ Faint has been active since late 2022. His main wallet (0x6BC41A79343b05a019F5d9a61FFf92664C1BC2F5) is connected to his OpenSea account. https://t.co/yv9n8Zf1Fd,
08/18/2023,Address,0x24e6d835f23b9716af984f6604625c6b074015cd,@realScamSniffer,https://twitter.com/realScamSniffer/status/1692440160213061942,,,victim: 0x24e6d835f23b9716af984f6604625c6b074015cd  scammer: 0xb6effb0d2570a18c1ad503fb16a101bbe00215f9 0x6B1F7068121b49fa551B21bdE5E0f51570fcf857 https://t.co/TtNTLhpwS5,
08/18/2023,Address,0x6dd61c69415c8ecab3fefd80d079435ead1a5b4d,@DeDotFiSecurity,https://twitter.com/DeDotFiSecurity/status/1692494882198212853,1.0,,"2/ üîç Exploiter Contract 1: 0x6dd61c69415c8ecab3fefd80d079435ead1a5b4d  üîç Exploiter Contract 2: 0xab88376b09f1b6f921521651d9c3edc42522768d  üí∏ 910 ETH + 226,731 USDC + 2,643,414 USDC in these 3 transactions:",
08/18/2023,Address,0xb6effb0d2570a18c1ad503fb16a101bbe00215f9,@realScamSniffer,https://twitter.com/realScamSniffer/status/1692440160213061942,,,victim: 0x24e6d835f23b9716af984f6604625c6b074015cd  scammer: 0xb6effb0d2570a18c1ad503fb16a101bbe00215f9 0x6B1F7068121b49fa551B21bdE5E0f51570fcf857 https://t.co/TtNTLhpwS5,
08/18/2023,Address,0x00001519230c3BdF39FE8d1678454DAc935C0000,@realScamSniffer,https://twitter.com/realScamSniffer/status/1692342296761798696,,,victim: 0x5f0f3B3D335c8071580f3ABFbaC79B48B74e0494  scammer: 0x000004e348d8dE2f1218609BF6765b1D05E50000 0x00001519230c3BdF39FE8d1678454DAc935C0000 https://t.co/791fweDyl6,
08/18/2023,Address,0x000004e348d8dE2f1218609BF6765b1D05E50000,@realScamSniffer,https://twitter.com/realScamSniffer/status/1692342296761798696,,,victim: 0x5f0f3B3D335c8071580f3ABFbaC79B48B74e0494  scammer: 0x000004e348d8dE2f1218609BF6765b1D05E50000 0x00001519230c3BdF39FE8d1678454DAc935C0000 https://t.co/791fweDyl6,
08/18/2023,Address,0x6B1F7068121b49fa551B21bdE5E0f51570fcf857,@realScamSniffer,https://twitter.com/realScamSniffer/status/1692440160213061942,,,victim: 0x24e6d835f23b9716af984f6604625c6b074015cd  scammer: 0xb6effb0d2570a18c1ad503fb16a101bbe00215f9 0x6B1F7068121b49fa551B21bdE5E0f51570fcf857 https://t.co/TtNTLhpwS5,
08/18/2023,Address,0x5f0f3B3D335c8071580f3ABFbaC79B48B74e0494,@realScamSniffer,https://twitter.com/realScamSniffer/status/1692342296761798696,,,victim: 0x5f0f3B3D335c8071580f3ABFbaC79B48B74e0494  scammer: 0x000004e348d8dE2f1218609BF6765b1D05E50000 0x00001519230c3BdF39FE8d1678454DAc935C0000 https://t.co/791fweDyl6,
08/18/2023,Address,0xab88376b09f1b6f921521651d9c3edc42522768d,@DeDotFiSecurity,https://twitter.com/DeDotFiSecurity/status/1692494882198212853,1.0,,"2/ üîç Exploiter Contract 1: 0x6dd61c69415c8ecab3fefd80d079435ead1a5b4d  üîç Exploiter Contract 2: 0xab88376b09f1b6f921521651d9c3edc42522768d  üí∏ 910 ETH + 226,731 USDC + 2,643,414 USDC in these 3 transactions:",
08/19/2023,Address,0x80a8b10cd7f9f722bc4f856de864962194cbb5be,@realScamSniffer,https://twitter.com/realScamSniffer/status/1692709552486273431,1.0,,victim: 0x80aF73FEeF1b9D0f2EF230a548d752E7dC984646  scammer: 0x0000438e0f00FC35DFF19D0062608057a1d20000 0x0000daf60a1becf1bd617c584dea964455890000 https://t.co/5eyw40OxLR,0x0000438e0f00FC35DFF19D0062608057a1d20000
08/19/2023,Address,0x80aF73FEeF1b9D0f2EF230a548d752E7dC984646,@realScamSniffer,https://twitter.com/realScamSniffer/status/1692709552486273431,,,victim: 0x80aF73FEeF1b9D0f2EF230a548d752E7dC984646  scammer: 0x0000438e0f00FC35DFF19D0062608057a1d20000 0x0000daf60a1becf1bd617c584dea964455890000 https://t.co/5eyw40OxLR,
08/19/2023,Address,0x088b75daa0c202fb2d1f0583a6f235e4c8ed0163,@realScamSniffer,https://twitter.com/realScamSniffer/status/1692709552486273431,1.0,,victim: 0x80aF73FEeF1b9D0f2EF230a548d752E7dC984646  scammer: 0x0000438e0f00FC35DFF19D0062608057a1d20000 0x0000daf60a1becf1bd617c584dea964455890000 https://t.co/5eyw40OxLR,0x0000DAf60a1BECF1bD617C584Dea964455890000
08/19/2023,Address,0x8522a1106b0e26584af2658bd099005fdc33cced,@CertiKAlert,https://twitter.com/CertiKAlert/status/1692932345249038650,1.0,,#CertiKSkynetAlert üö®  We have detected a large liquidity removal on a fake Friend Tech token.   ETH: 0x2cf82a3Ad32AA580110278022a6493b631044beF  The deployer gained 135 ETH (~$226.5k).  Not to be confused with legitimate projects.  Read more below: https://t.co/MciIPYFVdD,0x2cf82a3Ad32AA580110278022a6493b631044beF
08/19/2023,Address,0x57a7d78065ee0ed28e9ca035a1998c99ca1793ef,@CertiKAlert,https://twitter.com/CertiKAlert/status/1692876010549600407,56.0,,"#CertiKSkynetAlert üö®  We have detected a large liquidity removal on a fake Frontfanz token  Bsc: 0x1F373733ED5D6999908EA80B69B2d9Cd2d63D98B   Discounting the amount added to the LP and wash trading, the deployer appears to have gained ~$30k   https://t.co/bHmDyM5yio",0x1F373733ED5D6999908EA80B69B2d9Cd2d63D98B
08/20/2023,Address,0x8314125c8b68af2afd0d151eb4a551e88128a2ae,@BeosinAlert,https://twitter.com/BeosinAlert/status/1693122271970566626,56.0,,Thales urges users to revoke approvals from the following contracts on BSC:  ThalesAMM 0x465B66A3e33088F0666dB1836652fBcF037c7319  RangedAMM 0xda5Bd4aBAFbE249bdC5684eAD594B0ac379687fd  SpeedMarketsAMM 0x72ca0765d4bE0529377d656c9645600606214610  The stolen $13.8K are held at the‚Ä¶ https://t.co/3L6hCeQvvq https://t.co/zUHy5llaSj,0x465B66A3e33088F0666dB1836652fBcF037c7319
08/20/2023,Address,0x7ee2fc5eec697a9b115ca93a54be281172955abe,@CertiKAlert,https://twitter.com/CertiKAlert/status/1693362027371123099,56.0,,"#CertiKSkynetAlert üö®  We have detected a large liquidity removal on a fake LayerZero token.  BSC: 0x2266362f414Bf2476C5465dc2eA953Fe2A99AE1c  The deployer removed 4,827.99 WBNB (~$1M).  Not to be confused with legitimate projects.  Read more belowüëá https://t.co/JDAmCHdjG8",0x2266362f414Bf2476C5465dc2eA953Fe2A99AE1c
08/20/2023,Address,0x95c9bb9c4f3fc90709d494b3cb2ff2fe4c33797f,@CertiKAlert,https://twitter.com/CertiKAlert/status/1693323464311226468,1.0,,#CertiKSkynetAlert üö®  We have seen EOA 0xc93A7 deposit 60 ETH into @TornadoCash   Funds originate from Snake Eyes (SNAKE)  ETH:0x56d7e6a12f56dfca75fbb3f62b6f647f56f63445  https://t.co/aZltSOS1sj,0x56D7E6A12f56dfCA75FbB3f62B6F647f56f63445
08/20/2023,Address,0xbd7f1224b59fc59e735ff9c929ad404965e3f81a,@CertiKAlert,https://twitter.com/CertiKAlert/status/1693260268749406710,1.0,,#CertiKSkynetAlert üö®  We have seen the deployer of a scam token named Rich deposit 15.3 ETH into @TornadoCash  Token address: 0x0D9DAc28De13F52F5D2f7A44CE6e2548598b426a   Liquidity was removed on 14 August  https://t.co/OLKhINqsTC,0x0D9DAc28De13F52F5D2f7A44CE6e2548598b426a
08/20/2023,Address,0xe2a178c2c5c4920c1b2b947a35eddb4f8ecbb7dd,@SlowMist_Team,https://twitter.com/SlowMist_Team/status/1693172629187019031,56.0,,üö®SlowMist Security Alertüö®  Please check if you have authorized assets to this malicious contract address on #BNBChain:  0x75117c9158f53998ce8689B64509EFf4FA10AD80,0x75117c9158f53998ce8689B64509EFf4FA10AD80
08/20/2023,Address,0x70747df6AC244979A2ae9CA1e1A82899d02bbea4,@CertiKAlert,https://twitter.com/CertiKAlert/status/1693299488125833691,1.0,,#CertiKSkynetAlert üö®   Cream Finance Flash Loan Exploiter 3 0x70747df6AC244979A2ae9CA1e1A82899d02bbea4 has converted another ~500k DAI to ETH.  Stay vigilant! https://t.co/YJFe9KPGQ6,
08/20/2023,Address,0xE2A178C2C5C4920C1b2B947A35edDb4f8EcBb7dD,@SlowMist_Team,https://twitter.com/SlowMist_Team/status/1693172661697085760,,,4/ Here are related malicious addresses associated with the malicious contract:  0xE2A178C2C5C4920C1b2B947A35edDb4f8EcBb7dD 0xB88457b62491CBcEc42203672cFcb4269bd64c7e  Stay vigilant!  @evilcos,
08/20/2023,Address,0xB88457b62491CBcEc42203672cFcb4269bd64c7e,@SlowMist_Team,https://twitter.com/SlowMist_Team/status/1693172661697085760,,,4/ Here are related malicious addresses associated with the malicious contract:  0xE2A178C2C5C4920C1b2B947A35edDb4f8EcBb7dD 0xB88457b62491CBcEc42203672cFcb4269bd64c7e  Stay vigilant!  @evilcos,
08/20/2023,Address,0x0203bE4D7e50dF3D61aE68Fa03B0d84a08FE2134,@CertiKAlert,https://twitter.com/CertiKAlert/status/1693157318727197039,1.0,,#CertiKSkynetAlert üö®  We have seen EOA 0x918 deposit 200 ETH into @TornadoCash   Funds originate from AI-X token on Arbitrum  Arb: 0x0203bE4D7e50dF3D61aE68Fa03B0d84a08FE2134   https://t.co/a7RiXOkvHn,
08/20/2023,Address,0x9841484a4a6c0b61c4eea71376d76453fd05ec9c,@BeosinAlert,https://twitter.com/BeosinAlert/status/1693122271970566626,56.0,,Thales urges users to revoke approvals from the following contracts on BSC:  ThalesAMM 0x465B66A3e33088F0666dB1836652fBcF037c7319  RangedAMM 0xda5Bd4aBAFbE249bdC5684eAD594B0ac379687fd  SpeedMarketsAMM 0x72ca0765d4bE0529377d656c9645600606214610  The stolen $13.8K are held at the‚Ä¶ https://t.co/3L6hCeQvvq https://t.co/zUHy5llaSj,0x72ca0765d4bE0529377d656c9645600606214610
08/21/2023,Address,0xebb0300b8c14be71c732146802af6054c3c231c0,@CertiKAlert,https://twitter.com/CertiKAlert/status/1693651832793428154,56.0,,#CertiKSkynetAlert üö®  We have seen a large liquidity removal on WPC token  BSC: 0x8694996e265C62D02D8bDe46df98Fc172e8Ae2CA   EOA 0x68a gained ~$162k with the funds transferred to MEXC.  Token appears to be a honeypot   https://t.co/nBrk3HqjYK,0x8694996e265C62D02D8bDe46df98Fc172e8Ae2CA
08/21/2023,Address,0x0169a0ab7443bb52f3d16cbd371a10eed335b3a5,@realScamSniffer,https://twitter.com/realScamSniffer/status/1693629138660118561,,,victim: 0x0555a87622600f3787b46390123d8b1c7c23f6cc  scammer: 0x0169a0ab7443bb52f3d16cbd371a10eed335b3a5 0xc04946c6ffa0bb7e0f74de7f534e0363cd26a45c,
08/21/2023,Address,0x0555a87622600f3787b46390123d8b1c7c23f6cc,@realScamSniffer,https://twitter.com/realScamSniffer/status/1693629138660118561,,,victim: 0x0555a87622600f3787b46390123d8b1c7c23f6cc  scammer: 0x0169a0ab7443bb52f3d16cbd371a10eed335b3a5 0xc04946c6ffa0bb7e0f74de7f534e0363cd26a45c,
08/21/2023,Address,0xc04946c6ffa0bb7e0f74de7f534e0363cd26a45c,@realScamSniffer,https://twitter.com/realScamSniffer/status/1693629138660118561,,,victim: 0x0555a87622600f3787b46390123d8b1c7c23f6cc  scammer: 0x0169a0ab7443bb52f3d16cbd371a10eed335b3a5 0xc04946c6ffa0bb7e0f74de7f534e0363cd26a45c,
08/22/2023,Address,0x07ec65b2caffc1b554d619649a3d33eb57e51533,@DeDotFiSecurity,https://twitter.com/DeDotFiSecurity/status/1693990614914986391,,,"@DeDotFi 4/ First red flag: contract deployer was funded from Tornado Cash.    Usually, parties are willing to stay anonymous due to the bad intentions.    Scanner also shows a funding tx: 0x07ec65b2caffc1b554d619649a3d33eb57e51533ce836d54336c9cf8ed0586eb https://t.co/iKliCvFQ1Y",
08/22/2023,Address,0x25c6F5edfD72FFe4E1478F810B932167fd820e5B,@CertiKAlert,https://twitter.com/CertiKAlert/status/1693988092112458120,1.0,,#CertiKSkynetAlert üö®  The @RocketSwap_Labs Exploiter on Ethereum has just transferred 270 ETH (~$447K) to a new EOA.   0x25c6F5edfD72FFe4E1478F810B932167fd820e5B  Stay Vigilant!  https://t.co/OmGgZzfRKE,
08/23/2023,Address,0x4fe24527b94e6a7cd3b4f1902c429e22527f451d,@CertiKAlert,https://twitter.com/CertiKAlert/status/1694357925072920800,1.0,,#CertiKSkynetAlert üö®   We have seen a large liquidity removal on a HarryPotterObamaJustinHuobiSun token.  ETH: 0x88Cb35843A47DeFEd6889133b984393A6961554A  Deployer removed ~$50k from the LP.  Stay vigilant!  https://t.co/1Z95uhJC3t,0x88Cb35843A47DeFEd6889133b984393A6961554A
08/23/2023,Address,0x31e114d950c51907486c30661c478c56146aaad2,@CertiKAlert,https://twitter.com/CertiKAlert/status/1694414085444473047,1.0,,#CertiKSkynetAlert üö®  We have seen a large liquidity removal on Hachiko.  ETH: 0x7bFEBd989ef62f7f794d9936908565dA42Fa6D70  The deployer drained ~$123.7k from the liquidity pool.  Stay vigilant!  https://t.co/aqVXJaUHh4,0x7bFEBd989ef62f7f794d9936908565dA42Fa6D70
08/23/2023,Address,0xc765faeca19b33483f2a105e7b02e309393a45b0,@CertiKAlert,https://twitter.com/CertiKAlert/status/1694282366812848494,1.0,,#CertiKSkynetAlert üö®  We have seen a large liquidity removal on a scam token named Reflex Staking Bot (REFLEX)  ETH: 0x02C7644d98637cBB962A85e5Bc1EF2c73Def4C4F  The Deployer has created 74 honeypot tokens and is linked to Fake_Phishing185336.  https://t.co/nERh10CMhS,0x02C7644d98637cBB962A85e5Bc1EF2c73Def4C4F
08/23/2023,Address,0x9fac5e13935ff5eede8063b87197a1df48c45488,@CertiKAlert,https://twitter.com/CertiKAlert/status/1694294536762093950,1.0,,#CertiKSkynetAlert üö®  We have seen a large liquidity removal on Towelie (TOWELIE)  ETH: 0x435940C749b012f53885a1f56DEa68A1Eb8E05d7  The deployer unlocked LP tokens and removed ~$89k.    https://t.co/YNWs991I3f,0x435940C749b012f53885a1f56DEa68A1Eb8E05d7
08/23/2023,Address,0xbca8ec8d700733b46b1dcee342ae991477e04cc5,@CertiKAlert,https://twitter.com/CertiKAlert/status/1694290119337849303,56.0,,#CertiKSkynetAlert üö®  We are seeing a #slippage on aspiring cooperation community (ACC) token  BSC: 0x9703fa7D52F925387a2E738457936F162218129c  The slippage is caused by the deployer removing $224k from liquidity.  See more on Skynet üëá https://t.co/dXcqrIsEmR,0x9703fa7D52F925387a2E738457936F162218129c
08/24/2023,Address,0xc765faECA19B33483f2A105e7B02e309393A45B0,@DeDotFiSecurity,https://twitter.com/DeDotFiSecurity/status/1694628101714526360,,,"5/ Avoid this token and any other created by this EOA: 0xc765faECA19B33483f2A105e7B02e309393A45B0.  In most cases, they remove all liquidity within 1-2 days.",
08/25/2023,Address,0x4BDaC0B6EedA6211F43178899cb73670b1952c40,@DeDotFiSecurity,https://twitter.com/DeDotFiSecurity/status/1694955845379924190,1.0,,"3/ For reference, the deployer's address on Base is: 0x4bdac0b6eeda6211f43178899cb73670b1952c40, and on the ETH mainnet: 0x4BDaC0B6EedA6211F43178899cb73670b1952c40  Notably, this address links directly to Solfire address: 0x94B43cb81f4656F8e20c0e04371eD088A278092C",
08/25/2023,Address,0x4bdac0b6eeda6211f43178899cb73670b1952c40,@DeDotFiSecurity,https://twitter.com/DeDotFiSecurity/status/1694955845379924190,1.0,,"3/ For reference, the deployer's address on Base is: 0x4bdac0b6eeda6211f43178899cb73670b1952c40, and on the ETH mainnet: 0x4BDaC0B6EedA6211F43178899cb73670b1952c40  Notably, this address links directly to Solfire address: 0x94B43cb81f4656F8e20c0e04371eD088A278092C",
08/25/2023,Address,0x2955a49e5ac605e2019e86d90dd05ca473d01647,@CertiKAlert,https://twitter.com/CertiKAlert/status/1695200872647573527,1.0,,#CertiKSkynetAlert üö®  We are seeing an exit scam on @MagicBlocksEth  ETH:0x83ee45e45567483d02a652f51a2856b40f532ef2  Which has dropped 99%  The project's socials and sites have been deleted.  0x6307 has dumped tokens for a profit of ~$57k  Stay vigilant! https://t.co/LMEmSWx58f https://t.co/QAX79S2BQI,0x83ee45e45567483d02A652f51a2856B40F532eF2
08/25/2023,Address,0x3046d133e0a6ccef05114e470a8a58534332981a,@CertiKAlert,https://twitter.com/CertiKAlert/status/1695185413407654012,56.0,,#CertiKSkynetAlert üö®  We have detected a large liquidity removal on a fake CIRCLE token.  Bsc:0xCC68828491854D8619d6D3b63d38536a56962bb8  The Deployer removed $265K WBNB of liquidity in 6 transactions over a 4 day period.  Stay vigilant! https://t.co/9Sgtx5Ueyl,0xCC68828491854D8619d6D3b63d38536a56962bb8
08/25/2023,Address,0x27f9b0a88271c83e729ef799b8dd0f805e71880f,@realScamSniffer,https://twitter.com/realScamSniffer/status/1694968994544157075,,,victim: 0x0633a6b20f1541681466eff9cca3618cc318d722  scammers: 0x27f9b0a88271c83e729ef799b8dd0f805e71880f 0x29488e5fd6bf9b3cc98a9d06a25204947cccbe4d https://t.co/8WWiUpQ0g0,
08/25/2023,Address,0x2DC1cDa9186a4993bD36dE60D08787c0C382BEAD,@CertiKAlert,https://twitter.com/CertiKAlert/status/1694972155274928564,1.0,,"#CertiKSkynetAlert üö®  We are seeing a #slippage on Magnate Finance of 89%  base: 0x2DC1cDa9186a4993bD36dE60D08787c0C382BEAD  247 WETH, ~$1.3m DAI and ~$2m USDbC was removed from liquidity and the project's website is down.  See more on Skynet üëá https://t.co/vt3CeltCqh",
08/25/2023,Address,0xcfe7711196de84cd0069f1032ea9868b3cde882c,@realScamSniffer,https://twitter.com/realScamSniffer/status/1694969003167629332,,,stolen funds located on 0xcfe7711196de84cd0069f1032ea9868b3cde882c  https://t.co/Fa7i3pJP03 https://t.co/TZYAjnjOV4,
08/25/2023,Address,0x0633a6b20f1541681466eff9cca3618cc318d722,@realScamSniffer,https://twitter.com/realScamSniffer/status/1694968994544157075,,,victim: 0x0633a6b20f1541681466eff9cca3618cc318d722  scammers: 0x27f9b0a88271c83e729ef799b8dd0f805e71880f 0x29488e5fd6bf9b3cc98a9d06a25204947cccbe4d https://t.co/8WWiUpQ0g0,
08/25/2023,Address,0x94B43cb81f4656F8e20c0e04371eD088A278092C,@DeDotFiSecurity,https://twitter.com/DeDotFiSecurity/status/1694955845379924190,1.0,,"3/ For reference, the deployer's address on Base is: 0x4bdac0b6eeda6211f43178899cb73670b1952c40, and on the ETH mainnet: 0x4BDaC0B6EedA6211F43178899cb73670b1952c40  Notably, this address links directly to Solfire address: 0x94B43cb81f4656F8e20c0e04371eD088A278092C",
08/26/2023,Address,0x3f427abfea4a861124acb0325fd0acca20e6c725,@realScamSniffer,https://twitter.com/realScamSniffer/status/1695247380025856404,1.0,,victim: 0xc0819e1e01204bcb9cb5a0a3be826afedad6edef  scammers: 0xcdcd56fd08d051cb857ca2b9577a3ace99a01830 0x29488e5fd6bf9b3cc98a9d06a25204947cccbe4d 0xC20E320a17A3Ee2E809f42be1208789E1b54201d,0xC20E320a17A3Ee2E809f42be1208789E1b54201d
08/26/2023,Address,0x0000553f880ffa3728b290e04e819053a3590000,@realScamSniffer,https://twitter.com/realScamSniffer/status/1695267174859100252,1.0,,the victim also lost 333 ETH to sign a malicious Blur bid.  this bid offers 333 ETH to a malicious NFT 0x7624acf79dfa4691c8fe099ffd4c66c02e478936. https://t.co/aHBkglMqb0,0x7624aCf79dfA4691C8fE099FfD4c66C02e478936
08/26/2023,Address,0xc0819e1e01204bcb9cb5a0a3be826afedad6edef,@realScamSniffer,https://twitter.com/realScamSniffer/status/1695247380025856404,,,victim: 0xc0819e1e01204bcb9cb5a0a3be826afedad6edef  scammers: 0xcdcd56fd08d051cb857ca2b9577a3ace99a01830 0x29488e5fd6bf9b3cc98a9d06a25204947cccbe4d 0xC20E320a17A3Ee2E809f42be1208789E1b54201d,
08/26/2023,Address,0xcdcd56fd08d051cb857ca2b9577a3ace99a01830,@realScamSniffer,https://twitter.com/realScamSniffer/status/1695258461108605021,,,stolen funds located on 0xcdcd56fd08d051cb857ca2b9577a3ace99a01830 https://t.co/6imfBVljei https://t.co/dkEe8DxPop,
08/29/2023,Address,0x6be5a66afeff35269d0f3440e5741d392480791f,@CertiKAlert,https://twitter.com/CertiKAlert/status/1696658676902228146,1.0,,#CertiKSkynetAlert üö®  We have detected a large liquidity removal on a fake Symbiosis Finance token.  ETH: 0xbe862864614FB652e663EA82FC3AdEAD65E73d29  Deployer profited ~$24k from this liquidity removal.  Not to be confused with legitimate projects.  https://t.co/G0phih1uVY,0xbe862864614FB652e663EA82FC3AdEAD65E73d29
08/29/2023,Address,0xB23711b9D92C0f1c7b211c4E2DC69791c2df38c1,@BeosinAlert,https://twitter.com/BeosinAlert/status/1696362629818908758,1.0,,Update:  üö®The @Balancer exploiters have gained a total of ~$2.1M  ETH: 0xB23711b9D92C0f1c7b211c4E2DC69791c2df38c1 0xed187f37e5ad87d5b3b2624c01de56c5862b7a9b 0x429313e53a220c4a5693cad1da26ae5045b5762f  FTM: 0x64E08fa89C2bAE9F123cc8a293775f0E6CC86760  OPT:‚Ä¶ https://t.co/XBKeefDjsw https://t.co/tXagAdVzkT https://t.co/8N0BQyHJ0S,
08/29/2023,Address,0xed187f37e5ad87d5b3b2624c01de56c5862b7a9b,@BeosinAlert,https://twitter.com/BeosinAlert/status/1696362629818908758,1.0,,Update:  üö®The @Balancer exploiters have gained a total of ~$2.1M  ETH: 0xB23711b9D92C0f1c7b211c4E2DC69791c2df38c1 0xed187f37e5ad87d5b3b2624c01de56c5862b7a9b 0x429313e53a220c4a5693cad1da26ae5045b5762f  FTM: 0x64E08fa89C2bAE9F123cc8a293775f0E6CC86760  OPT:‚Ä¶ https://t.co/XBKeefDjsw https://t.co/tXagAdVzkT https://t.co/8N0BQyHJ0S,
08/29/2023,Address,0x429313e53a220c4a5693cad1da26ae5045b5762f,@BeosinAlert,https://twitter.com/BeosinAlert/status/1696362629818908758,1.0,,Update:  üö®The @Balancer exploiters have gained a total of ~$2.1M  ETH: 0xB23711b9D92C0f1c7b211c4E2DC69791c2df38c1 0xed187f37e5ad87d5b3b2624c01de56c5862b7a9b 0x429313e53a220c4a5693cad1da26ae5045b5762f  FTM: 0x64E08fa89C2bAE9F123cc8a293775f0E6CC86760  OPT:‚Ä¶ https://t.co/XBKeefDjsw https://t.co/tXagAdVzkT https://t.co/8N0BQyHJ0S,
08/29/2023,Address,0x64E08fa89C2bAE9F123cc8a293775f0E6CC86760,@BeosinAlert,https://twitter.com/BeosinAlert/status/1696362629818908758,1.0,,Update:  üö®The @Balancer exploiters have gained a total of ~$2.1M  ETH: 0xB23711b9D92C0f1c7b211c4E2DC69791c2df38c1 0xed187f37e5ad87d5b3b2624c01de56c5862b7a9b 0x429313e53a220c4a5693cad1da26ae5045b5762f  FTM: 0x64E08fa89C2bAE9F123cc8a293775f0E6CC86760  OPT:‚Ä¶ https://t.co/XBKeefDjsw https://t.co/tXagAdVzkT https://t.co/8N0BQyHJ0S,
08/30/2023,Address,0xb969734d2f453ea785572612ba23ef7c91d6294d,@CertiKAlert,https://twitter.com/CertiKAlert/status/1696989083057135659,1.0,,#CertiKSkynetAlert üö®   We have detected the LP pair for @genswap_dex on Uniswap has been drained by a privileged address for ~65k  ETH: 0x65719edaA37Fd5654a730606A9Fead02b8B631b7    The marketing address of the GEN token abused an underflow vulnerability to inflate their balance‚Ä¶ https://t.co/RVxBh7rcVB,0x65719edaA37Fd5654a730606A9Fead02b8B631b7
08/30/2023,Address,0x9fa7bb759641fcd37fe4ae41f725e0f653f2c726,@realScamSniffer,https://twitter.com/realScamSniffer/status/1696868480040190253,,,victim: 0xfaba6bf9b8890454346d13ae238ea64a96b020a6  scammer: 0x9fa7bb759641fcd37fe4ae41f725e0f653f2c726 0x6e024a123535ebdb5c5741800f115a2319db1932  https://t.co/8Zd6q1ZsFL https://t.co/cIpxX8Wp1H,
08/30/2023,Address,0xfaba6bf9b8890454346d13ae238ea64a96b020a6,@realScamSniffer,https://twitter.com/realScamSniffer/status/1696868480040190253,,,victim: 0xfaba6bf9b8890454346d13ae238ea64a96b020a6  scammer: 0x9fa7bb759641fcd37fe4ae41f725e0f653f2c726 0x6e024a123535ebdb5c5741800f115a2319db1932  https://t.co/8Zd6q1ZsFL https://t.co/cIpxX8Wp1H,
08/30/2023,Address,0x6e024a123535ebdb5c5741800f115a2319db1932,@realScamSniffer,https://twitter.com/realScamSniffer/status/1696868480040190253,,,victim: 0xfaba6bf9b8890454346d13ae238ea64a96b020a6  scammer: 0x9fa7bb759641fcd37fe4ae41f725e0f653f2c726 0x6e024a123535ebdb5c5741800f115a2319db1932  https://t.co/8Zd6q1ZsFL https://t.co/cIpxX8Wp1H,
08/30/2023,Address,0x68219b1b209f85b18ace3b4fcc4aafc2b45d5638,@CertiKAlert,https://twitter.com/CertiKAlert/status/1696968086203556114,1.0,,The site connects to a contract on ethereum: 0x00000CEDbdfD9B7BB33C43F122Fd2060366a0000  Do NOT interact with the following announcementüëá https://t.co/iaifPNXb5p,0x00000CEDbdfD9B7BB33C43F122Fd2060366a0000
08/31/2023,Address,0xcbcd8226f9ab67600a32364005bb216e97a8a944,@DeDotFiSecurity,https://twitter.com/DeDotFiSecurity/status/1697187082513285552,,,2/ Scammer: 0xcbcd8226f9ab67600a32364005bb216e97a8a944  Wallet was funded from FixedFloat and ChangeNow.  Token contract: https://t.co/M7RgkzT8HM  Exit Scam tx: https://t.co/4essnB9aDY https://t.co/BNL8R8jiv3,
08/31/2023,Address,0x19ef74fee7b60a3abdad656951f0552632bcef44,@CertiKAlert,https://twitter.com/CertiKAlert/status/1697211145931665779,56.0,,#CertiKSkynetAlert üö®  We have seen 107 BNB deposited into @TornadoCash by EOA 0x0bb  EOA 0x6B5 called `recoverTokens` which drained wallets that had approved bsc: 0x357bb64f17Cf4F021F5d83e8B896D6C533fcc7cB to spend tokens.  https://t.co/2cU059g91c,0x357bb64f17Cf4F021F5d83e8B896D6C533fcc7cB
09/01/2023,Address,0x51fea6c11873607f2e219c7ef57c36f0d4af5f44,@CertiKAlert,https://twitter.com/CertiKAlert/status/1697720220230566019,56.0,,#CertiKSkynetAlert üö®  We have seen EOA 0x51feA deposit ~342 BNB into @TornadoCash   Funds originate from a Fake Celestia (TIA)  BSC:0xe5b9556542137acc6b81d3fd708aefd1152fb087  https://t.co/L3YcaS3i8p https://t.co/YqGOosmEaL,0xe5b9556542137acc6b81d3Fd708aefd1152fb087
09/01/2023,Address,0xf2a7408b42c1ee304b58a1b0cb08b49630152c90,@CertiKAlert,https://twitter.com/CertiKAlert/status/1697728109489901898,1.0,,#CertiKSkynetAlertüö®  We have detected an exit scam on @CoredeFinance   ETH: 0x6fe397b88675beb98797e14eeaf84021e5c054c9  Which has dropped 100%  The EOA (0x18500) profited 27 ETH (~$43.9k).  Stay vigilant! https://t.co/0gwKnnOFnn,0x6Fe397B88675bEb98797e14EEaF84021E5C054c9
09/01/2023,Address,0xa3d06ebbc3772050173f4a5da171a360d24f2a0b,@CertiKAlert,https://twitter.com/CertiKAlert/status/1697555723377336693,1.0,,#CertiKSkynetAlert üö®  We have seen 30 ETH deposited into @TornadoCash by EOA 0x14A.  Funds originate from three wallets who sold scam tokens such as XX  Eth: 0x8ea24723c0f3E7b7d1F31f24cB9EeB3E01f8dc8A  https://t.co/8n17B2pZBS,0x8ea24723c0f3E7b7d1F31f24cB9EeB3E01f8dc8A
09/03/2023,Address,0xc85ef1702e246d5cd4d0d1c785f9599b632330a6,@realScamSniffer,https://twitter.com/realScamSniffer/status/1698365302365716650,,,victim: 0xc85ef1702e246d5cd4d0d1c785f9599b632330a6  scammer: 0xc384FebdbfA3E2f9a541fC7E36118e719E4E3b97 0x29488E5fD6bF9B3cc98A9d06A25204947ccCBE4D 0x00000ff01f359d7cde7d1bb45ced9459a6a80000,
09/03/2023,Address,0x8efb801a75847daf1ca7804815116175d121015d,@realScamSniffer,https://twitter.com/realScamSniffer/status/1698365302365716650,1.0,,victim: 0xc85ef1702e246d5cd4d0d1c785f9599b632330a6  scammer: 0xc384FebdbfA3E2f9a541fC7E36118e719E4E3b97 0x29488E5fD6bF9B3cc98A9d06A25204947ccCBE4D 0x00000ff01f359d7cde7d1bb45ced9459a6a80000,0x00000ff01F359d7CDe7D1bB45ceD9459a6A80000
09/03/2023,Address,0xc384FebdbfA3E2f9a541fC7E36118e719E4E3b97,@realScamSniffer,https://twitter.com/realScamSniffer/status/1698365302365716650,,,victim: 0xc85ef1702e246d5cd4d0d1c785f9599b632330a6  scammer: 0xc384FebdbfA3E2f9a541fC7E36118e719E4E3b97 0x29488E5fD6bF9B3cc98A9d06A25204947ccCBE4D 0x00000ff01f359d7cde7d1bb45ced9459a6a80000,
09/04/2023,Address,0x4464e91002c63a623a8a218bd5dd1f041b61ec04,@DeDotFiSecurity,https://twitter.com/DeDotFiSecurity/status/1698723688550420865,56.0,,2/ Associated addresses:  - Polygon:   0xad8f9dc9aa8fa52d758b56281867d60a50c51c05 0xa26213638f79f2ed98d474cbcb87551da909685e  - BSC:   0x4464e91002c63a623a8a218bd5dd1f041b61ec04 0x327797e2aed0f9b329fc50c9b692ce61e0e353f2 0x1a43890a1f9e28430569b0dba6ef69371c93d6b5,
09/04/2023,Address,0xad8f9dc9aa8fa52d758b56281867d60a50c51c05,@DeDotFiSecurity,https://twitter.com/DeDotFiSecurity/status/1698723688550420865,56.0,,2/ Associated addresses:  - Polygon:   0xad8f9dc9aa8fa52d758b56281867d60a50c51c05 0xa26213638f79f2ed98d474cbcb87551da909685e  - BSC:   0x4464e91002c63a623a8a218bd5dd1f041b61ec04 0x327797e2aed0f9b329fc50c9b692ce61e0e353f2 0x1a43890a1f9e28430569b0dba6ef69371c93d6b5,
09/04/2023,Address,0xa26213638f79f2ed98d474cbcb87551da909685e,@DeDotFiSecurity,https://twitter.com/DeDotFiSecurity/status/1698723688550420865,56.0,,2/ Associated addresses:  - Polygon:   0xad8f9dc9aa8fa52d758b56281867d60a50c51c05 0xa26213638f79f2ed98d474cbcb87551da909685e  - BSC:   0x4464e91002c63a623a8a218bd5dd1f041b61ec04 0x327797e2aed0f9b329fc50c9b692ce61e0e353f2 0x1a43890a1f9e28430569b0dba6ef69371c93d6b5,
09/04/2023,Address,0x327797e2aed0f9b329fc50c9b692ce61e0e353f2,@DeDotFiSecurity,https://twitter.com/DeDotFiSecurity/status/1698723688550420865,56.0,,2/ Associated addresses:  - Polygon:   0xad8f9dc9aa8fa52d758b56281867d60a50c51c05 0xa26213638f79f2ed98d474cbcb87551da909685e  - BSC:   0x4464e91002c63a623a8a218bd5dd1f041b61ec04 0x327797e2aed0f9b329fc50c9b692ce61e0e353f2 0x1a43890a1f9e28430569b0dba6ef69371c93d6b5,
09/04/2023,Address,0x1a43890a1f9e28430569b0dba6ef69371c93d6b5,@DeDotFiSecurity,https://twitter.com/DeDotFiSecurity/status/1698723688550420865,56.0,,2/ Associated addresses:  - Polygon:   0xad8f9dc9aa8fa52d758b56281867d60a50c51c05 0xa26213638f79f2ed98d474cbcb87551da909685e  - BSC:   0x4464e91002c63a623a8a218bd5dd1f041b61ec04 0x327797e2aed0f9b329fc50c9b692ce61e0e353f2 0x1a43890a1f9e28430569b0dba6ef69371c93d6b5,
09/04/2023,Address,0x30740f954ce02c0eedfb5f0ef2e8c3157be3e000,@CertiKAlert,https://twitter.com/CertiKAlert/status/1698769537603088798,1.0,,"#CertiKSkynetAlert üö®  We have detected an exit scam on a fake Lybra Finance token.  ETH: 0xf5322B0D8dcac0C6aee4c15719C078992B03378a  Deployer added 60 WETH to LP and removed 83 WETH, profiting 23 WETH (~$37k)  Not to be confused with legitimate projects. https://t.co/UdIXWKxid9",0xf5322B0D8dcac0C6aee4c15719C078992B03378a
09/05/2023,Address,0x6d3503d16bb93a7d9b47f510c7568868f2bfccef,@CertiKAlert,https://twitter.com/CertiKAlert/status/1698862967981273428,56.0,,#CertiKSkynetAlert üö®  We have detected a large liquidity removal on a fake Base token.  ETH: 0x2025273c4B985a00bc60E871a9031a12FF216F9B  The deployer has profited ~544k via several liquidity removal transactions.  https://t.co/dT7V8JGk8w,0x2025273c4B985a00bc60E871a9031a12FF216F9B
09/05/2023,Address,0x104d0e5c633677a66bcb5a1612861e43ecf7ac08,@CertiKAlert,https://twitter.com/CertiKAlert/status/1699062454742118611,1.0,,#CertiKSkynetAlert üö®  We have detected a large liquidity removal on Haribo   ETH: 0x582992190976d9d96e5ABbB711259744A00e809e   Owner removed ~24 ETH ($35.4k) from the tokens LP. Token appears to be a honeypot.  https://t.co/mCCj1vAneg,0x582992190976d9d96e5ABbB711259744A00e809e
09/09/2023,Address,0x345d069B9D376829c5A8d3E202Ac51E65A138946,@realScamSniffer,https://twitter.com/realScamSniffer/status/1700321028247785574,,,victim: 0x3b6a6a3d7b92a036475b9b710f59462976457592  scammer: 0x88522a43427c96f9773ca110fe9373be6bbc5cc1 0x345d069B9D376829c5A8d3E202Ac51E65A138946,
09/09/2023,Address,0x3b6a6a3d7b92a036475b9b710f59462976457592,@realScamSniffer,https://twitter.com/realScamSniffer/status/1700321028247785574,,,victim: 0x3b6a6a3d7b92a036475b9b710f59462976457592  scammer: 0x88522a43427c96f9773ca110fe9373be6bbc5cc1 0x345d069B9D376829c5A8d3E202Ac51E65A138946,
09/09/2023,Address,0xcaa79eef4811417956c239365df46f44c10a918c,@CertiKAlert,https://twitter.com/CertiKAlert/status/1700621314246017133,56.0,,"#CertiKSkynetAlertüö®  We have detected a flashloan attack on BFCToken for ~$38k  BSC:0x595eac4a0ce9b7175a99094680fbe55a774b5464  The attacker was able to burn BFCTokens from the pool at no expense by exploiting the ""_transfer"" function  The funds currently reside in EOA‚Ä¶ https://t.co/5ctkg6Knsz",0x595eac4A0CE9b7175a99094680fbe55A774B5464
09/09/2023,Address,0x88522a43427c96f9773ca110fe9373be6bbc5cc1,@realScamSniffer,https://twitter.com/realScamSniffer/status/1700321032220102818,,,"""0x88522a43427c96f9773ca110fe9373be6bbc5cc1"" is connected with many phishing events.  https://t.co/qsvIi9LnF2 https://t.co/1GmbxIyXMp",
09/10/2023,Address,0x1dc24c42874f7a0dd190b230f461eef69253c270,@zachxbt,https://twitter.com/zachxbt/status/1700892810323369994,,,11/Sources:  BABYSHIB wallet addresses  0x68b77360b285f03174a13c8067f251fd099fe8f9 0x1dc24c42874f7a0dd190b230f461eef69253c270  CBOT wallet addresses  0xca7af151843fdd5a500868b05a900a0fa843ac72 0x602f96bae77348935a63f8609359465f2c6a3760 0xb7b1b1d274d5837a4d028158276f8bff8ceec0e5‚Ä¶ https://t.co/c57YLzyi0W,
09/10/2023,Address,0x68b77360b285f03174a13c8067f251fd099fe8f9,@zachxbt,https://twitter.com/zachxbt/status/1700892810323369994,,,11/Sources:  BABYSHIB wallet addresses  0x68b77360b285f03174a13c8067f251fd099fe8f9 0x1dc24c42874f7a0dd190b230f461eef69253c270  CBOT wallet addresses  0xca7af151843fdd5a500868b05a900a0fa843ac72 0x602f96bae77348935a63f8609359465f2c6a3760 0xb7b1b1d274d5837a4d028158276f8bff8ceec0e5‚Ä¶ https://t.co/c57YLzyi0W,
09/10/2023,Address,0xa040e70e576b239aa699c4d5f42ae431611ce6c7,@zachxbt,https://twitter.com/zachxbt/status/1700920354540056720,,,3/ How did I confirm which one was Trader SZ wallet?   0xa040e70e576b239aa699c4d5f42ae431611ce6c7  Well he received multiple honorary NFTs to this wallet https://t.co/okuKF81ObN,
09/10/2023,Address,0x0ae2203497510c203b0a5578cb9cb80e06094f1c,@zachxbt,https://twitter.com/zachxbt/status/1700920396407537768,,,9/ The other addresses which received free tokens from the PAAL team also sold almost all tokens after the shills began.  Dumped $104k+ of PAAL 0xca7af151843fdd5a500868b05a900a0fa843ac72 Dumped $180k+ of PAAL 0x0ae2203497510c203b0a5578cb9cb80e06094f1c‚Ä¶ https://t.co/SDG7UZjfxv,
09/10/2023,Address,0xca7af151843fdd5a500868b05a900a0fa843ac72,@zachxbt,https://twitter.com/zachxbt/status/1700920396407537768,,,9/ The other addresses which received free tokens from the PAAL team also sold almost all tokens after the shills began.  Dumped $104k+ of PAAL 0xca7af151843fdd5a500868b05a900a0fa843ac72 Dumped $180k+ of PAAL 0x0ae2203497510c203b0a5578cb9cb80e06094f1c‚Ä¶ https://t.co/SDG7UZjfxv,
09/10/2023,Address,0x602f96bae77348935a63f8609359465f2c6a3760,@zachxbt,https://twitter.com/zachxbt/status/1700892810323369994,,,11/Sources:  BABYSHIB wallet addresses  0x68b77360b285f03174a13c8067f251fd099fe8f9 0x1dc24c42874f7a0dd190b230f461eef69253c270  CBOT wallet addresses  0xca7af151843fdd5a500868b05a900a0fa843ac72 0x602f96bae77348935a63f8609359465f2c6a3760 0xb7b1b1d274d5837a4d028158276f8bff8ceec0e5‚Ä¶ https://t.co/c57YLzyi0W,
09/10/2023,Address,0xb7b1b1d274d5837a4d028158276f8bff8ceec0e5,@zachxbt,https://twitter.com/zachxbt/status/1700892810323369994,,,11/Sources:  BABYSHIB wallet addresses  0x68b77360b285f03174a13c8067f251fd099fe8f9 0x1dc24c42874f7a0dd190b230f461eef69253c270  CBOT wallet addresses  0xca7af151843fdd5a500868b05a900a0fa843ac72 0x602f96bae77348935a63f8609359465f2c6a3760 0xb7b1b1d274d5837a4d028158276f8bff8ceec0e5‚Ä¶ https://t.co/c57YLzyi0W,
09/10/2023,Address,0x602F96BaE77348935A63f8609359465F2c6A3760,@zachxbt,https://twitter.com/zachxbt/status/1700920393995899162,,,8/Here Trader NJ says his ‚ÄúPAAL conviction has not changed‚Äù   Even though his NFT wallet had already dumped all of his PAAL for $120k+  0x602F96BaE77348935A63f8609359465F2c6A3760 https://t.co/fBksB3jaf3,
09/12/2023,Address,0x1A61Df134d766f1e240FBFAEe79bBeCC04195f62,@CertiKAlert,https://twitter.com/CertiKAlert/status/1701688600432177264,1.0,,"#CertiKSkynetAlert üö®  The CoinEX Exploiter (0x483D8) has moved 1,453 ETH ($2.3M) to EOA 0x1A61Df134d766f1e240FBFAEe79bBeCC04195f62  Stay vigilant!  https://t.co/y5vJgLDMg3",
09/12/2023,Address,0x7d20e1c09e70f8707dbc48e12e52ab988eb03dc6,@BeosinAlert,https://twitter.com/BeosinAlert/status/1701418019610833058,56.0,,üö®The address 0x7abe3ae6d6628857e9dc7701f623175d88ae3246 has created a proposal to set himself as the admin.   The admin of @ESG_Financial Esgtroller contract will be changed to 0x7abe3a if the proposal passed.   https://t.co/1P9i0mHnrz  Stay alert! https://t.co/faVAM0X5Vk,0x7Abe3aE6d6628857e9Dc7701f623175D88AE3246
09/12/2023,Address,0x27a94d928bca4c846e5a1633aa496b931afd99c8,@CertiKAlert,https://twitter.com/CertiKAlert/status/1701387035053826230,1.0,,#CertiKSkynetAlertüö®  We have detected a malicious flash loan on the OxODexPool.  ETH: 0x6128d5F7c64Dab48a1C66f9D62EaeFa1d5aA03ed  Approximately 40 ETH (~$61k) was lost. The stolen funds currently reside in the attacker's wallet. https://t.co/kzRSOb6kZ4,0x6128d5F7c64Dab48a1C66f9D62EaeFa1d5aA03ed
09/12/2023,Address,0xCC1AE485b617c59a7c577C02cd07078a2bcCE454,@DeDotFiSecurity,https://twitter.com/DeDotFiSecurity/status/1701620930273837437,1.0,,2/ Addresses involved #ETH:   0x8bf8cd7F001D0584F98F53a3d82eD0bA498cC3dE 0x483D88278Cbc0C9105c4807d558E06782AEFf584 0xCC1AE485b617c59a7c577C02cd07078a2bcCE454  Some funds ($16M) were swapped to $ETH. https://t.co/Am1UmMszcM,
09/12/2023,Address,0x8bf8cd7F001D0584F98F53a3d82eD0bA498cC3dE,@DeDotFiSecurity,https://twitter.com/DeDotFiSecurity/status/1701620930273837437,1.0,,2/ Addresses involved #ETH:   0x8bf8cd7F001D0584F98F53a3d82eD0bA498cC3dE 0x483D88278Cbc0C9105c4807d558E06782AEFf584 0xCC1AE485b617c59a7c577C02cd07078a2bcCE454  Some funds ($16M) were swapped to $ETH. https://t.co/Am1UmMszcM,
09/12/2023,Address,0xd4342e0277b3b9d11902fa1760f072868ecdbe2e,@DeDotFiSecurity,https://twitter.com/DeDotFiSecurity/status/1701620934094782698,,,"4/ On the Polygon network, approximately $291K has been compromised, linked to the address:  0xd4342e0277b3b9d11902fa1760f072868ecdbe2e https://t.co/Aq119J8keh",
09/12/2023,Address,0x40cBe7580168d52b7FEC884120B31115c3F7E37E,@CertiKAlert,https://twitter.com/CertiKAlert/status/1701692494306574659,1.0,,"#CertiKSkynetAlert üö®   The CoinEX Exploiter (0x8bf8c) has moved ~6,558 ETH ($10.4M) to EOA 0x40cBe7580168d52b7FEC884120B31115c3F7E37E  Stay vigilant! https://t.co/IMY3EXH9Rb https://t.co/lClMtOhdya",
09/12/2023,Address,0x483D88278Cbc0C9105c4807d558E06782AEFf584,@DeDotFiSecurity,https://twitter.com/DeDotFiSecurity/status/1701620930273837437,1.0,,2/ Addresses involved #ETH:   0x8bf8cd7F001D0584F98F53a3d82eD0bA498cC3dE 0x483D88278Cbc0C9105c4807d558E06782AEFf584 0xCC1AE485b617c59a7c577C02cd07078a2bcCE454  Some funds ($16M) were swapped to $ETH. https://t.co/Am1UmMszcM,
09/13/2023,Address,0x22be3b0a943b1bc0ea3aec2cb3ef511f3920a98d,@SlowMist_Team,https://twitter.com/SlowMist_Team/status/1701919429075087557,1.0,,"2/ Alphapo Exploiter (TDrs‚Ä¶WVjr) swapped TRX for ETH and bridged to the address (0x22be3b0a943b1bc0ea3aec2cb3ef511f3920a98d) via TransitSwap, so the address(0x22b‚Ä¶98d) is tagged as Alphapo Exploiter on the ETH chain. https://t.co/hPyXIfydYh",
09/13/2023,Address,0x4c10a462CD1e639Da8A062aE8a33a23401120ab1,@DeDotFiSecurity,https://twitter.com/DeDotFiSecurity/status/1701966467523076326,1.0,,@DeDotFi 4/  The scammer took advantage of the victim‚Äôs mistake and took 4850 $rETH and 9579 $stETH from his wallet.  üîπVictim: 0x13e382dfe53207e9ce2eeeab330f69da2794179e  üîπScammers: 0x693b725a375f599f0b6efa0d910e749e1bec1555 0x4c10a462CD1e639Da8A062aE8a33a23401120ab1 https://t.co/FFYbiSF8rY,
09/13/2023,Address,0x13e382dfe53207e9ce2eeeab330f69da2794179e,@DeDotFiSecurity,https://twitter.com/DeDotFiSecurity/status/1701966467523076326,1.0,,@DeDotFi 4/  The scammer took advantage of the victim‚Äôs mistake and took 4850 $rETH and 9579 $stETH from his wallet.  üîπVictim: 0x13e382dfe53207e9ce2eeeab330f69da2794179e  üîπScammers: 0x693b725a375f599f0b6efa0d910e749e1bec1555 0x4c10a462CD1e639Da8A062aE8a33a23401120ab1 https://t.co/FFYbiSF8rY,
09/13/2023,Address,0x693b725a375f599f0b6efa0d910e749e1bec1555,@DeDotFiSecurity,https://twitter.com/DeDotFiSecurity/status/1701966467523076326,1.0,,@DeDotFi 4/  The scammer took advantage of the victim‚Äôs mistake and took 4850 $rETH and 9579 $stETH from his wallet.  üîπVictim: 0x13e382dfe53207e9ce2eeeab330f69da2794179e  üîπScammers: 0x693b725a375f599f0b6efa0d910e749e1bec1555 0x4c10a462CD1e639Da8A062aE8a33a23401120ab1 https://t.co/FFYbiSF8rY,
09/13/2023,Address,0x75497999432b8701330fb68058bd21918c02ac59,@zachxbt,https://twitter.com/zachxbt/status/1701905899034390574,,,It appears North Korea is also responsible for the $54M @coinexcom hack from yesterday after they accidentally connected their address to the $41M Stake hack on OP &amp; Polygon.   0x75497999432b8701330fb68058bd21918c02ac59 https://t.co/9qZPdc3yhT,
09/13/2023,Address,0xae88ac9800594b43ac25a57374a5dac3d183bbc1,@BeosinAlert,https://twitter.com/BeosinAlert/status/1701791431399281136,,,Seems the CoinEx Fund Drainer 5 0xae88ac9800594b43ac25a57374a5dac3d183bbc1 can be traced to this post: https://t.co/scQ0w61H63 https://t.co/kXHLB0fJIF https://t.co/VDxg3vQ1Ev,
09/13/2023,Address,0xce013682eddefaca8c94fe56a43a04212ebe4673,@BeosinAlert,https://twitter.com/BeosinAlert/status/1701786126787485985,,,üö®The two addresses of @coinexcom exploiters had deposit/withdraw operations with @binance and @HuobiGlobal in 2021.  CoinEx Fund Drainer 1: 0xce013682eddefaca8c94fe56a43a04212ebe4673   CoinEx Fund Drainer 5: 0xae88ac9800594b43ac25a57374a5dac3d183bbc1 https://t.co/CxHoyrbwlr,
09/14/2023,Address,0x8eaf80a722bd6d4c7dd379f7fec1122be26b06ef,@DeDotFiSecurity,https://twitter.com/DeDotFiSecurity/status/1702279260663140437,,,"3/   Today's market doesn't provide many opportunities for earning money. However, some people manage to earn money despite the cycles.  We found one of these wallets: 0x8eaf80a722bd6d4c7dd379f7fec1122be26b06ef  In just one day, he managed to earn more than $380k.  Let's dive in!",
09/15/2023,Address,0xc35116e704d778b25c4c0c57e9098758a5a01cda,@DeDotFiSecurity,https://twitter.com/DeDotFiSecurity/status/1702726287813398960,,,@DeDotFi 6/ Summary:  - Great trade on $INU so far he hasn't taken any profits yet - Never ape blindly without doing your research - My advice is to track them yourself: 0xc35116e704d778b25c4c0c57e9098758a5a01cda  Monitor trades for a few weeks before copy trading.,
09/15/2023,Address,0x99856ab39bdd02a260df43a608c82da33aa10b33,@CertiKAlert,https://twitter.com/CertiKAlert/status/1702711134229254422,1.0,,#CertiKSkynetAlert üö®  We are seeing a #slippage on @FriendChipsTech   ETH:0x082d7215fdfa70d969d7fb5e783f8fe86a463330  Which has dropped 100%  Contract 0x1dB0B minted tokens and dump them for $77.5K which has already been deposited to @TornadoCash  https://t.co/6p6FsUi7aU https://t.co/Q4A5tdUvbI,0x082D7215fdfa70D969D7Fb5E783F8fE86A463330
09/15/2023,Address,0x99856ab39bdd02a260df43a608c82da33aa10b33,@DeDotFiSecurity,https://twitter.com/DeDotFiSecurity/status/1702732613151060365,,,2/ Scammer: 0x99856ab39bdd02a260df43a608c82da33aa10b33    Token contract: https://t.co/WKjiwSOX0v  Mint tx: https://t.co/IMoa7c9VIa,
09/16/2023,Address,0x293ed38530005620e4b28600f196a97e1125daac,@BeosinAlert,https://twitter.com/BeosinAlert/status/1702904027493929151,,,Mark Cuban lost ~$870k due to suspected private key compromise.  Victim: 0x293ed38530005620e4b28600f196a97e1125daac  The Mark Cuban 2 address started to transfer various tokens to 0x5b94E0Fc819B923e8fE1068bc82Aba6C870C10Ab since 2023-09-15 22:55:11 UTC. https://t.co/qbsovk6gDq,
09/16/2023,Address,0x5b94E0Fc819B923e8fE1068bc82Aba6C870C10Ab,@BeosinAlert,https://twitter.com/BeosinAlert/status/1702904027493929151,,,Mark Cuban lost ~$870k due to suspected private key compromise.  Victim: 0x293ed38530005620e4b28600f196a97e1125daac  The Mark Cuban 2 address started to transfer various tokens to 0x5b94E0Fc819B923e8fE1068bc82Aba6C870C10Ab since 2023-09-15 22:55:11 UTC. https://t.co/qbsovk6gDq,
09/16/2023,Address,0x5e66293b0e45d39cc772775ebbbddf0763c09868,@CertiKAlert,https://twitter.com/CertiKAlert/status/1702969505893261776,56.0,,#CertiKSkynetAlert üö®   We have seen a slippage on MED token  Bsc: 0xee0eD249325a8284D66Af5F98dCbB7C620ebbe45  Which has dropped ~99%  Tokens were minted to multiple wallets who then sold for a total of ~$53k   https://t.co/TfnDfS81HV,0xee0eD249325a8284D66Af5F98dCbB7C620ebbe45
09/16/2023,Address,0x2656cf060f643dafeeadd774f1da866b921d7491,@CertiKAlert,https://twitter.com/CertiKAlert/status/1702986647090962899,1.0,,"@TornadoCash @MercyHeardETH 2/ The ETH sent to EOA 0xD4A can be traced back to the deployer of a token named Super Kypton Dog   ETH: 0x399074b3e369D1A4c5643f7E09fD633E295da39B  This contract has the same pattern, with buyers receiving funds from a CoinTool multisender txn to buy tokens. https://t.co/pnopYXX7c7",0x399074b3e369D1A4c5643f7E09fD633E295da39B
09/16/2023,Address,0x0a75abb3cae41eb3d84d7c3c155e228b021d9d7a,@CertiKAlert,https://twitter.com/CertiKAlert/status/1702986639587320187,1.0,,#CertiKSkynetAlert üö®  We have seen 0x26b deposit 30 ETH into @TornadoCash  The funds originate from the deployer of a token named Mercy Heard (@MercyHeardETH)  Eth: 0x142fB554EEa9083C489682c804F7d3CdddE40443  https://t.co/Z2hHfjUsm4,0x142fB554EEa9083C489682c804F7d3CdddE40443
09/16/2023,Address,0xaf85ef92dc34593e2a1d6c65c2a857ad36f1a4d6,@CertiKAlert,https://twitter.com/CertiKAlert/status/1703091673322947004,56.0,,#CertiKSkynetAlert üö®   We have seen a large liquidity removal on a fake BitGo token    BSC: 0xddd00e04cd2e26221cc3c2c7f4781a87e4c79818   Deployer gained ~$194.3k WBNB from the honeypot and has moved 909.2 BNB through @TornadoCash   Stay vigilant!  https://t.co/zldadTLU2C,0xdDd00e04cd2E26221Cc3C2c7F4781A87E4c79818
09/17/2023,Address,0x808f9ccbf3f6cb5aeb5fa104bf87cbecc1d168b0,@realScamSniffer,https://twitter.com/realScamSniffer/status/1703222454263693738,,,victim: 0xa0d8f53e1a754b766f7a1498762f7d9f66734985  scammer: 0x808f9ccbf3f6cb5aeb5fa104bf87cbecc1d168b0 0x29488e5fd6bf9b3cc98a9d06a25204947cccbe4d,
09/19/2023,Address,0x782ec8676b4f827bae16433191876223fdfd1edc,@DeDotFiSecurity,https://twitter.com/DeDotFiSecurity/status/1704104005192896762,,,"7/ Despite his success, he made deals that ended in total REKT.  Wallet was worth at its peak - $362K, now it's only $275K.  His wallet address: 0x782ec8676b4f827bae16433191876223fdfd1edc",
09/19/2023,Address,0x140839dadd906eff2d0d453d2a2fbd51bfd661ca,@CertiKAlert,https://twitter.com/CertiKAlert/status/1704224600513462438,56.0,,#CertiKSkynetAlert üö®   We are seeing a slippage on Baka Casino (BAKAC)    BSC:0x0e9c0f8fcc8e60f8daeb569448a41514eb321471    Which has dropped 80%    Drop caused by EOA 0x9e5C8 who dumped tokens for ~$57k  Stay vigilant! https://t.co/oiakU3slgx,0x0e9C0f8fcC8e60f8DAeb569448a41514EB321471
09/20/2023,Address,0x533db465afbeea29fd6f2d6acadb2e2d0cee7e46,@SlowMist_Team,https://twitter.com/SlowMist_Team/status/1704345389560902019,1.0,,"7/ After @MistTrack_io analysis, the malicious addresses are as follows: 0x00006DEAcd9ad19dB3d81F8410EA2B45eA570000 0x645710Af050E26bB96e295bdfB75B4a878088d7E 0x0000626d6DC72989e3809920C67D01a7fe030000  https://t.co/2YLaMU4JCc",0x0000626d6DC72989e3809920C67D01a7fe030000
09/20/2023,Address,0x00006DEAcd9ad19dB3d81F8410EA2B45eA570000,@DeDotFiSecurity,https://twitter.com/DeDotFiSecurity/status/1704398644772839898,,,"üö®  Update: Balancer Hack ‚Äì  $240K lost  üö®  The hacker behind the @Balancer website breach has escalated their attack! They've swapped the HTTPS certificate with their own.  üí∞ Stolen Funds: ~ $238,000   üîó Malicious Addresses: 0x00006DEAcd9ad19dB3d81F8410EA2B45eA570000‚Ä¶ https://t.co/WJTaRGtPAU https://t.co/ofxhh4SGg6 https://t.co/4PTjG0vm0K",
09/20/2023,Address,0x645710Af050E26bB96e295bdfB75B4a878088d7E,@SlowMist_Team,https://twitter.com/SlowMist_Team/status/1704345389560902019,,,"7/ After @MistTrack_io analysis, the malicious addresses are as follows: 0x00006DEAcd9ad19dB3d81F8410EA2B45eA570000 0x645710Af050E26bB96e295bdfB75B4a878088d7E 0x0000626d6DC72989e3809920C67D01a7fe030000  https://t.co/2YLaMU4JCc",
09/20/2023,Address,0x231bbb0c1fde419098fa8596bf295f932019a1e9,@CertiKAlert,https://twitter.com/CertiKAlert/status/1704572184100733258,1.0,,#CertiKSkynetAlert üö®   We are seeing a 70% slippage on @PepePurpleETH (PEPEP)    ETH: 0xD33830FcC5E434dBb4efF9D5348d74Ee2cbd505F   Drop caused by EOA 0x4af2 who dumped tokens for ~$45k. 0x4af2 received its token supply from the deployer.  Stay vigilant! https://t.co/uG8tH64wyP,0xD33830FcC5E434dBb4efF9D5348d74Ee2cbd505F
09/21/2023,Address,0xAbb07822F471773Ff00b9444308ceEB7cf0dACa7,@realScamSniffer,https://twitter.com/realScamSniffer/status/1704811479172796448,,,victim: 0x2175c0082d052872501f7fe54e1ac59858aaf7d9  scammer: 0xAbb07822F471773Ff00b9444308ceEB7cf0dACa7 0xf994c143002388E11e9C939b8456dCe9De68a656  https://t.co/QQ9KyuXPVc https://t.co/FXhyKn99LQ,
09/21/2023,Address,0x2175c0082d052872501f7fe54e1ac59858aaf7d9,@realScamSniffer,https://twitter.com/realScamSniffer/status/1704811479172796448,,,victim: 0x2175c0082d052872501f7fe54e1ac59858aaf7d9  scammer: 0xAbb07822F471773Ff00b9444308ceEB7cf0dACa7 0xf994c143002388E11e9C939b8456dCe9De68a656  https://t.co/QQ9KyuXPVc https://t.co/FXhyKn99LQ,
09/21/2023,Address,0x050c731ad9072d18d792d477c788b163e9c379bd,@CertiKAlert,https://twitter.com/CertiKAlert/status/1704657734564470886,1.0,,#CertiKSkynetAlert üö®  We have detected a large liquidity removal on @yzercoineth (YZER)  ETH: 0xCBb391907A492a1e721bB16ae0563243E2B71987  Deployer 0x050c has profited ~$28.6k   Stay vigilant! https://t.co/uYD2MOssUZ,0xCBb391907A492a1e721bB16ae0563243E2B71987
09/21/2023,Address,0xc1727c083ea796addefcf594ce9114160a49f3aa,@CertiKAlert,https://twitter.com/CertiKAlert/status/1704821382738333849,56.0,,#CertiKSkynetAlert üö®  We have seen a slippage on WGPT token  Bsc: 0x1f415255f7E2a8546559a553E962dE7BC60d7942  Which has dropped ~99%  Drop caused by EOA 0xf1B withdrawing tokens and swapping for USDT  https://t.co/hlOcoZPlEH,0x1f415255f7E2a8546559a553E962dE7BC60d7942
09/21/2023,Address,0xce389248dc841acf33a938cc620cfee712578d9d,@CertiKAlert,https://twitter.com/CertiKAlert/status/1704708204075069625,56.0,,#CertiKSkynetAlert üö®  We have detected a large liquidity removal on BNBpay (BNBpay)  BSC: 0xaDD62696db2c2fb7DE8e0f07F422e03BF69646A2  Deployer profited ~$114k from this liquidity removal.  Not to be confused with legitimate projects. https://t.co/ff58zDkg2D,0xaDD62696db2c2fb7DE8e0f07F422e03BF69646A2
09/21/2023,Address,0xf994c143002388E11e9C939b8456dCe9De68a656,@realScamSniffer,https://twitter.com/realScamSniffer/status/1704811479172796448,,,victim: 0x2175c0082d052872501f7fe54e1ac59858aaf7d9  scammer: 0xAbb07822F471773Ff00b9444308ceEB7cf0dACa7 0xf994c143002388E11e9C939b8456dCe9De68a656  https://t.co/QQ9KyuXPVc https://t.co/FXhyKn99LQ,
09/21/2023,Address,0x2175c0082d052872501f7fe54e1aC59858aaf7D9,@PeckShieldAlert,https://twitter.com/PeckShieldAlert/status/1704672331766087933,,,#PeckShieldAlert The address 0x2175...f7D9 got scammed for 4.46M $USDT  Victim's address: 0x2175c0082d052872501f7fe54e1aC59858aaf7D9 Scammer's address:  0xAbb07822F471773Ff00b9444308ceEB7cf0dACa7 https://t.co/Ny9CIrkBxw,
09/21/2023,Address,0x000000048797808be86aa9786c1f402671192d6b,@DeDotFiSecurity,https://twitter.com/DeDotFiSecurity/status/1704965671480602890,1.0,,"3/ First, let's head over to @DeDotFi and find a project to analyze  In this case, We'll go with $BANANA since it's recently dumped.  0x94e496474f1725f1c1824cb5bdb92d7691a4f03a",0x94e496474F1725f1c1824cB5BDb92d7691A4F03a
09/22/2023,Address,0x5603942dd62b1293f972a08552f8fee44fed0c6d,@CertiKAlert,https://twitter.com/CertiKAlert/status/1705242210747228287,56.0,,#CertiKSkynetAlert üö®   We have detected a large liquidity removal on Unleashed Beast (BEAST)  BSC:0x626b596dd10467ea969179235123f884e133074a  Deployer removed ~$55.3k from the LP.  Stay vigilant! https://t.co/5tz6r3sI2d,0x626b596dd10467EA969179235123F884e133074a
09/23/2023,Address,0x6f238e6893c24fe505a9304c1c26a9ff2f1d261e,@CertiKAlert,https://twitter.com/CertiKAlert/status/1705593154152386641,56.0,,#CertiKSkynetAlert üö®  We have detected a large liquidity removal on DUO (DUO)  BSC:0x1ED990bdcAEf4B13b01F4996dDe59EcD04F1343A    The Deployer removed $352.9K WBNB of LP in 3 transactions over a 4 day period.  Not to be confused with legitimate projects. https://t.co/XyGV2H0zHB,0x1ED990bdcAEf4B13b01F4996dDe59EcD04F1343A
09/23/2023,Address,0x392e5bf0e2d96c8af28203944388b5d161860be0,@CertiKAlert,https://twitter.com/CertiKAlert/status/1705604132076204413,1.0,,#CertiKSkynetAlert üö®   We have seen a price slippage on @acatnation (CAT)  ETH:0xC9C1776802216e074eF7A19555cE70bB473B25c0  Which dropped 94%  It appears that the deployer has removed ~18.7 WETH ($29.7k) from the LP. https://t.co/05mOm1gXTo  Stay vigilant!,0xC9C1776802216e074eF7A19555cE70bB473B25c0
09/24/2023,Address,0x45403865094e158a16fa8cc02f61ca35b90506a2,@CertiKAlert,https://twitter.com/CertiKAlert/status/1706015825419776285,56.0,,#CertiKSkynetAlert üö®   We are seeing an exit scam on a fake Justus Token associated with fake X @Justusztoken.   BSC: 0xae7607dE0F0665220E77b76E18d94965076e684c  Deployer dumped 302 WBNB for a profit of ~$59k.  Not to be confused with legitimate projects. https://t.co/CXTJGQc6KY,0xae7607dE0F0665220E77b76E18d94965076e684c
09/24/2023,Address,0x6ea4d25473e4eea3c7a6f482966daebed8338861,@CertiKAlert,https://twitter.com/CertiKAlert/status/1705966214319612092,56.0,,#CertiKSkynetAlert üö®  We are seeing a flash loan exploit on Kub/Kub-split  Contract: bsc 0xc98E183D2e975F0567115CB13AF893F0E3c0d0bD  An attacker gained $78.4k via pool manipulation using a fake USDC token  https://t.co/EXh7mN95RP,0xc98E183D2e975F0567115CB13AF893F0E3c0d0bD
09/25/2023,Address,0x3B5fb9d9da3546e9CE6E5AA3CCEca14C8D20041e,@DeDotFiSecurity,https://twitter.com/DeDotFiSecurity/status/1706181053243625931,1.0,,"Crypto theft has affected multiple addresses:  0x52E86988bd07447C596e9B0C7765F8500113104c 0x3B5fb9d9da3546e9CE6E5AA3CCEca14C8D20041e  0xB5d631A74AD9c9efcF96d6e9e2fAbcB75C67Eafa  bc1qq7uefmz6nng5c4dzs9mwrxxyh9sxg5cjg85hes  ETH, BTC, and USDT assets were stolen.",
09/25/2023,Address,0xB5d631A74AD9c9efcF96d6e9e2fAbcB75C67Eafa,@DeDotFiSecurity,https://twitter.com/DeDotFiSecurity/status/1706181053243625931,1.0,,"Crypto theft has affected multiple addresses:  0x52E86988bd07447C596e9B0C7765F8500113104c 0x3B5fb9d9da3546e9CE6E5AA3CCEca14C8D20041e  0xB5d631A74AD9c9efcF96d6e9e2fAbcB75C67Eafa  bc1qq7uefmz6nng5c4dzs9mwrxxyh9sxg5cjg85hes  ETH, BTC, and USDT assets were stolen.",
09/26/2023,Address,0x85dc4B38d59D30D53D9d20bC428f82A5aCF4CA38,@PeckShieldAlert,https://twitter.com/PeckShieldAlert/status/1706497371612590228,,,"#PeckShieldAlert A #Zerotransfer scammer grabbed 12,820 $USDC from 0xcbc6...7D03  Intended Address: 0x85dc4B38d59D30D53D9d20bC428f82A5aCF4CA38 Phishing Address: 0x85Dc5228eC76124f1b8d7DeB80F51590d9F4cA38 https://t.co/AoGgeX4Hp1",
09/26/2023,Address,0xe7F8f7EAA2FED7f90744416303AF1061c1C9Fd2A,@PeckShieldAlert,https://twitter.com/PeckShieldAlert/status/1706497529431675224,,,"#PeckShieldAlert A #Zerotransfer scammer grabbed 66,770 $DAI from 0x9432...93C7  Intended Address: 0xe7F8f7EAA2FED7f90744416303AF1061c1C9Fd2A Phishing Address: 0xe7f1c956db08b5da6d74fdbc2fce46ea41c9fd2a https://t.co/wSNoWqcosY",
09/26/2023,Address,0xe7f1c956db08b5da6d74fdbc2fce46ea41c9fd2a,@PeckShieldAlert,https://twitter.com/PeckShieldAlert/status/1706497529431675224,,,"#PeckShieldAlert A #Zerotransfer scammer grabbed 66,770 $DAI from 0x9432...93C7  Intended Address: 0xe7F8f7EAA2FED7f90744416303AF1061c1C9Fd2A Phishing Address: 0xe7f1c956db08b5da6d74fdbc2fce46ea41c9fd2a https://t.co/wSNoWqcosY",
09/26/2023,Address,0x85Dc5228eC76124f1b8d7DeB80F51590d9F4cA38,@PeckShieldAlert,https://twitter.com/PeckShieldAlert/status/1706497371612590228,,,"#PeckShieldAlert A #Zerotransfer scammer grabbed 12,820 $USDC from 0xcbc6...7D03  Intended Address: 0x85dc4B38d59D30D53D9d20bC428f82A5aCF4CA38 Phishing Address: 0x85Dc5228eC76124f1b8d7DeB80F51590d9F4cA38 https://t.co/AoGgeX4Hp1",
09/26/2023,Address,0x03e33bab8414bdb433e883785f91ede95f0f4dfe,@CertiKAlert,https://twitter.com/CertiKAlert/status/1706765042916450781,56.0,,"#CertiKSkynetAlertüö®  We have detected a malicious flash loan on the ""XSDWETHpool"".  BSC: 0xbfBcB8BDE20cc6886877DD551b337833F3e0d96d  Approximately 56 BNB (~$11.9k) was lost. The stolen funds currently reside in the attacker's wallet. https://t.co/BULdArIZ38",0xbfBcB8BDE20cc6886877DD551b337833F3e0d96d
09/27/2023,Address,0xbe66204c98343d353778270d11c3f58e0537ab70,@CertiKAlert,https://twitter.com/CertiKAlert/status/1707149616393724102,1.0,,#CertiKSkynetAlert üö®  Beware of a fake $tip airdrop being promoted on X.   Do not interact with hxxps://thetipxcoin.com/  Site links to EOA 0x0000CE41BcEefFEA68e38018851a6B0F16D20000.  Stay vigilant!   https://t.co/lOmdHLaWys,0x0000CE41BcEefFEA68e38018851a6B0F16D20000
09/28/2023,Address,0x3cf931d6a09cb2d9745307e3276de51b886f5c2a,@CertiKAlert,https://twitter.com/CertiKAlert/status/1707237758236787171,1.0,,@modenetwork Do not interact with the following announcement   The site connects to a contract on ethereum: 0x000030349d16949049Ec052b33eAff30a1730000 https://t.co/skjtdt0Lp6,0x000030349d16949049Ec052b33eAff30a1730000
09/27/2023,Address,0x84a299b025ae1a95296b4596f96b7b37fb92e7da,@CertiKAlert,https://twitter.com/CertiKAlert/status/1706950456012882099,1.0,,#CertiKSkynetAlert  üö®  A reminder to be aware of front running bot scams posted on X  Do not interact with hxxps://uni-arbitrage.com/0x9ea3cda5c2adf0370454b9ee28786a068227b1a4.  These posts promise easy returns but in reality will steal your funds. https://t.co/y9o1Yayolp,0x9EA3cda5c2Adf0370454b9Ee28786a068227b1a4
09/27/2023,Address,0x2920a3192613d8c42f21b64873dc0ddfcbf018d4,@realScamSniffer,https://twitter.com/realScamSniffer/status/1707013617479012811,,,victim: 0x2920a3192613d8c42f21b64873dc0ddfcbf018d4 @packyM  scammer: 0x7F9241ac942ba97085eF1A1542d270BFd6A987FD 0xabb7f116e64c9aca274cc90faedca9680049014b,
09/27/2023,Address,0x7F9241ac942ba97085eF1A1542d270BFd6A987FD,@realScamSniffer,https://twitter.com/realScamSniffer/status/1707015492228030876,,,"""0x7F9241ac942ba97085eF1A1542d270BFd6A987FD"" is associated with a few phishing sites.  https://t.co/OgmHSPKpPi https://t.co/5SFGhxPRp2",
09/27/2023,Address,0xabb7f116e64c9aca274cc90faedca9680049014b,@realScamSniffer,https://twitter.com/realScamSniffer/status/1707013617479012811,,,victim: 0x2920a3192613d8c42f21b64873dc0ddfcbf018d4 @packyM  scammer: 0x7F9241ac942ba97085eF1A1542d270BFd6A987FD 0xabb7f116e64c9aca274cc90faedca9680049014b,
09/27/2023,Address,0xf67B110994a30529Fb80f75F86ce4c2BDc7679d8,@AegisWeb3,https://twitter.com/AegisWeb3/status/1706842109180010833,,,"üö®PHISHING SCAM ALERTüö® Someone has fallen victim to crypto phishing, incurring losses amounting to 75.6K $USDC, 657.6 $APE, 402.4M $PEPE, and 15 #NFTs.  Victim: 0xf67B110994a30529Fb80f75F86ce4c2BDc7679d8  Scammer: 0x2F5cD429b24C451a3aF6756119Ca34c1fD903CEB‚Ä¶ https://t.co/0sQQ3IcXLW https://t.co/77ZGO2wA4B",
09/27/2023,Address,0x2F5cD429b24C451a3aF6756119Ca34c1fD903CEB,@AegisWeb3,https://twitter.com/AegisWeb3/status/1706842109180010833,,,"üö®PHISHING SCAM ALERTüö® Someone has fallen victim to crypto phishing, incurring losses amounting to 75.6K $USDC, 657.6 $APE, 402.4M $PEPE, and 15 #NFTs.  Victim: 0xf67B110994a30529Fb80f75F86ce4c2BDc7679d8  Scammer: 0x2F5cD429b24C451a3aF6756119Ca34c1fD903CEB‚Ä¶ https://t.co/0sQQ3IcXLW https://t.co/77ZGO2wA4B",
